<?xml version="1.0" encoding="UTF-8"?><metadata xmlns:xsi="http://www.w3.org/2001/XMLSchema-instance" xsi:noNamespaceSchemaLocation="http://www.conabio.gob.mx/informacion/gis/schemas/fgdc/fgdc-std-001-1998.xsd"><idinfo><citation><citeinfo><origin>Comisi&#x00F3;n Nacional para el Conocimiento y Uso de la Biodiversidad (2005). &apos;Divisi&#x00F3;n Pol&#x00ED;tica Estatal&apos;. Escala 1:1000000. Extra&#x00ED;do de Conjunto de Datos vectoriales topogr&#x00E1;ficos y topon&#x00ED;micos. Escala 1:1000000. Instituto Nacional de Estad&#x00ED;stica, Geograf&#x00ED;a e Inform&#x00E1;tica (2000). M&#x00E9;xico.</origin><pubdate>20010810</pubdate><title>Divisi&#x00F3;n pol&#x00ED;tica estatal 1:1000000</title><geoform>Shapefile. Formato vectorial compuesto por 4 archivos (shp, shx, dbf,prj)</geoform><othercit>1000000</othercit></citeinfo></citation><descript><abstract>Es un mapa que representa los l&#x00ED;mites de los Estados y el contorno de la Rep&#x00FA;blica Mexicana, a escala 1:1000000.</abstract><purpose>No conocido</purpose><supplinf>Este mapa fue elaborado en CONABIO con informaci&#x00F3;n cartogr&#x00E1;fica proporcionada por el INEGI. El mapa contiene informaci&#x00F3;n sobre: nombres de los Estados y Capitales (seg&#x00FA;n INEGI) e Islas. Las islas presentan el nombre del estado, que se encuentra enfrente de, lo cu&#x00E1;l no significa que la administre. El mapa no presenta nombre de las islas.</supplinf></descript><timeperd><timeinfo><sngdate><caldate>00000000</caldate></sngdate></timeinfo><current>2005</current></timeperd><status><progress>Complete</progress><update>No planeado</update></status><spdom><bounding><westbc>-118.366027</westbc><eastbc>-86.710744</eastbc><northbc>32.718767</northbc><southbc>14.534005</southbc></bounding></spdom><keywords><theme><themekt>ESTRUCTURA</themekt><themekey>dipol</themekey><themekey>estata</themekey><themekey>destdv1gw</themekey></theme><theme><themekt>CONABIO</themekt><themekey>Divisi&#x00F3;n pol&#x00ED;tica Estatal 1:1000000 Divisi&#x00F3;n estatal Divisi&#x00F3;n pol&#x00ED;tica M&#x00E9;xico Entidades federativas Estados Estados de la Rep&#x00FA;blica Mexicana </themekey></theme><place><placekt>CONABIO</placekt><placekey>Aguascalientes Baja California Baja California Sur Campeche Chiapas Chihuahua Coahuila de Zaragoza Colima Distrito Federal Durango Estado de M&#x00E9;xico Guanajuato Guerrero Hidalgo Jalisco M&#x00E9;xico Michoac&#x00E1;n de Ocampo Morelos Nayarit Nuevo Le&#x00F3;n Oaxaca Puebla Quer&#x00E9;taro de Arteaga Quintana Roo Rep&#x00FA;blica Mexicana San Luis Potos&#x00ED; Sinaloa Sonora Tabasco Tamaulipas Tlaxcala Veracruz Ignacio de la Llave Yucat&#x00E1;n Zacatecas </placekey></place></keywords><accconst>Sin restricciones</accconst><useconst>Sin restricciones</useconst><browse><browsen>http://www.conabio.gob.mx/informacion/gis/layouts/destdv1gw.png</browsen><browsed>Mapa ilustrativo de Divisi&#x00F3;n pol&#x00ED;tica estatal 1:1000000</browsed><browset>png</browset></browse><native>SIG ARC-INFO, versi&#x00F3;n 9.2, UNIX</native></idinfo><dataqual><logic>Gabinete</logic><complete>Se utiliz&#x00F3; el m&#x00E9;todo de conversi&#x00F3;n de formato de DXF a cobertura y t&#x00E9;cnicas de edici&#x00F3;n.</complete><lineage><srcinfo><srccite><citeinfo><origin>No conocido</origin><pubdate>00000000</pubdate><title>No conocido</title></citeinfo></srccite><srcscale>1000000</srcscale><typesrc>Digital</typesrc><srctime><timeinfo><sngdate><caldate>00000000</caldate></sngdate></timeinfo><srccurr>No conocido</srccurr></srctime><srccitea>No conocido</srccitea><srccontr>Instituto Nacional de Estad&#x00ED;stica Geograf&#x00ED;a e Inform&#x00E1;tica (INEGI), (2002). &apos;Conjunto de Datos Vectoriales y Topon&#x00ED;micos&apos;. M&#x00E9;xico.</srccontr></srcinfo><srcinfo><srccite><citeinfo><origin>No conocido</origin><pubdate>00000000</pubdate><title>No conocido</title></citeinfo></srccite><srcscale>1000000</srcscale><typesrc>Impreso y Digital</typesrc><srctime><timeinfo><sngdate><caldate>00000000</caldate></sngdate></timeinfo><srccurr>No conocido</srccurr></srctime><srccitea>No conocido</srccitea><srccontr>Atlas del Territorio Insular Habitado de los Estados Unidos Mexicanos (1990). Anexo Cartogr&#x00E1;fico. Instituto Nacional de Estad&#x00ED;stica Geograf&#x00ED;a e Inform&#x00E1;tica (INEGI).</srccontr></srcinfo><procstep><procdesc>Para el proceso de conversi&#x00F3;n de formato se utiliz&#x00F3; ARC/INFO y para la edici&#x00F3;n cartogr&#x00E1;fica el m&#x00F3;dulo de ARCEDIT.En la edici&#x00F3;n cartogr&#x00E1;fica, limpieza en la delimitaci&#x00F3;n de los arcos, manejo de las islas y asignaci&#x00F3;n de etiquetas, se tom&#x00F3; como base material cartogr&#x00E1;fico de la misma escala y de la misma Instituci&#x00F3;n.</procdesc><procdate>00000000</procdate></procstep></lineage></dataqual><spdoinfo><direct>Vector</direct><ptvctinf><sdtsterm ><sdtstype>G-polygon</sdtstype><ptvctcnt>382</ptvctcnt></sdtsterm></ptvctinf></spdoinfo><spref><horizsys><geograph><latres>0.0174532925199433</latres><longres>0.0174532925199433</longres><geogunit>Decimal degrees</geogunit></geograph><geodetic><horizdn>WGS84</horizdn><ellips>WGS84</ellips><semiaxis>6378137.000000</semiaxis><denflat>298.257224</denflat></geodetic></horizsys></spref><eainfo><detailed><enttyp><enttypl>DESTDV1GW.DBF</enttypl><enttypd>Contiene el nombre, capital y la clave de los estados de la Rep&#x00FA;blica Mexicana a escala 1:1000000</enttypd><enttypds>No conocido</enttypds></enttyp><attr><attrlabl>Capital</attrlabl><attrdef>Car&#x00E1;cter</attrdef><attrdefs>INEGI</attrdefs><attrdomv><udom>Nombre propio de la capital de la entidad federativa</udom></attrdomv></attr><attr><attrlabl>Rasgo_geog</attrlabl><attrdef>Car&#x00E1;cter</attrdef><attrdefs>INEGI</attrdefs><attrdomv><udom>Presencia de una isla</udom></attrdomv></attr><attr><attrlabl>Area</attrlabl><attrdef>Num&#x00E9;rico</attrdef><attrdefs>Determinado por Arc-Info</attrdefs><attrdomv><udom>&#x00C1;rea del pol&#x00ED;gono asociado a una entidad federativa e isla</udom></attrdomv><attrvai><attrva>1</attrva><attrvae>Grados decimales al cuadrado</attrvae></attrvai></attr><attr><attrlabl>Perimeter</attrlabl><attrdef>Num&#x00E9;rico</attrdef><attrdefs>Determinado por Arc-Info</attrdefs><attrdomv><udom>Per&#x00ED;metro del pol&#x00ED;gono asociada a una entidad fedrativa e isla</udom></attrdomv><attrvai><attrva>1</attrva><attrvae>Grados decimales</attrvae></attrvai></attr><attr><attrlabl>Cve_edo</attrlabl><attrdef>Car&#x00E1;cter</attrdef><attrdefs>INEGI</attrdefs><attrdomv><udom>Clave &#x00FA;nica de la entidad federativa</udom></attrdomv></attr><attr><attrlabl>Entidad</attrlabl><attrdef>Car&#x00E1;cter</attrdef><attrdefs>INEGI</attrdefs><attrdomv><udom>Nombre propio de la entidad federativa</udom></attrdomv></attr></detailed></eainfo><distinfo><distrib><cntinfo><cntorgp><cntorg>CONABIO</cntorg><cntper>Jose Manuel Davila Rosas</cntper></cntorgp><cntpos>Subdirector de Sistemas de Informaci&#x00F3;n Geogr&#x00E1;fica</cntpos><cntaddr><addrtype>mailing and physical address</addrtype><address>Liga Perif&#x00E9;rico Insurgentes Sur Num. 4903 1er piso. Col. Parques del Pedregal. Delg. Tlalpan</address><city>Ciudad de M&#x00E9;xico</city><state>D.F.</state><postal>14010</postal><country>M&#x00E9;xico</country></cntaddr><cntvoice>50045012</cntvoice><cntfax>50044931</cntfax><cntemail>jdavila@conabio.gob.mx</cntemail><hours>Lunes a Viernes de las 8 hasta 18 hrs.</hours></cntinfo></distrib><resdesc>destdv1gw</resdesc><distliab>No se permite utilizar estos datos con fines lucrativos y se debe citar la fuente del mapa y a CONABIO. La Subdirecci&#x00F3;n de Sistemas de Informaci&#x00F3;n Geogr&#x00E1;fica de la CONABIO solo se hace responsable de la informaci&#x00F3;n presentada en el mapa y se deslinda del uso que se le de a la misma.</distliab><stdorder><digform><digtinfo><formname>ESRI Shapefile(SHP)</formname><formverd>199807</formverd><filedec>compactado en ZIP</filedec><transize>1.95</transize></digtinfo><digtopt><onlinopt><computer><networka><networkr> http://www.conabio.gob.mx/informacion/gis/maps/geo/destdv1gw.zip</networkr></networka></computer><accinstr>Coordenadas geogr&#x00E1;ficas WGS84. (EPSG:4326). Formato vectorial de almacenamiento de elementos geogr&#x00E1;ficos y sus atributos asociados. </accinstr></onlinopt><onlinopt><computer><networka><networkr> http://www.conabio.gob.mx/informacion/gis/maps/ccl/destdv1gw_c.zip</networkr></networka></computer><accinstr>Proyecci&#x00F3;n C&#x00F3;nica Conforme de Lambert WGS84. (EPSG:48402). Formato vectorial de almacenamiento de elementos geogr&#x00E1;ficos y sus atributos asociados. </accinstr></onlinopt></digtopt></digform><digform><digtinfo><formname>Google Earth KML</formname><formvern>2.2</formvern><filedec>compactado como KMZ</filedec></digtinfo><digtopt><onlinopt><computer><networka><networkr>  http://www.conabio.gob.mx/informacion/explorer/wms/kml?layers=destdv1gw&amp;mode=download&amp;legend=true</networkr></networka></computer><accinstr>Coordenadas geogr&#x00E1;ficas WGS84. (EPSG:4326). Los archivos KML representan datos geogr&#x00E1;ficos para Google Earth, a menudo suelen distribuirse comprimidos como KMZ.</accinstr></onlinopt></digtopt></digform><digform><digtinfo><formname>Servicio de im&#x00E1;genes (WMS)</formname><formvern>1.1.1</formvern></digtinfo><digtopt><onlinopt><computer><networka><networkr>http://www.conabio.gob.mx/informacion/explorer/wms?Format=image.png&amp;request=GetMap&amp;version=1.1.1&amp;width=800&amp;height=424&amp;srs=EPSG:4326&amp;bbox=-120.0,13.8,-85.1,33.5&amp;layers=destdv1gw</networkr></networka></computer><accinstr>Coordenadas geogr&#x00E1;ficas WGS84. (EPSG:4326). Servicio Web Map Service. Los mapas de datos referenciados espacialmente producidos se generan normalmente en un formato de imagen como PNG,.png o JPEG, pueden se vistos en un SIG </accinstr></onlinopt></digtopt></digform><fees>Acceso libre sin ning&#x00FA;n cargo al p&#x00FA;blico en general.</fees></stdorder><techpreq>Tener Arc-Info, Arcview o sistemas compatibles, en caso que existan se pueden visualizar en Google Earth KML y/o conexi&#x00F3;n al servicio WMS.</techpreq></distinfo><metainfo><metd>20080227</metd><metc><cntinfo><cntorgp><cntorg>CONABIO</cntorg></cntorgp><cntpos>Norma Moreno</cntpos><cntaddr><addrtype>mailing and physical address</addrtype><address>Liga Perif&#x00E9;rico Insurgentes Sur Num. 4903 1er piso. Col. Parques del Pedregal. Delg. Tlalpan</address><city>Ciudad de M&#x00E9;xico</city><state>D.F.</state><postal>14010</postal><country>M&#x00E9;xico</country></cntaddr><cntvoice>50045018 50044938</cntvoice><cntfax>50044931</cntfax><cntemail>ssig@conabio.gob.mx</cntemail><hours>Lunes a Viernes de 8 a 18 hrs.</hours></cntinfo></metc><metstdn>FGDC Content Standards for Digital Geospatial Metadata, 1998</metstdn><metstdv>FGDC-STD-001-1998 version 2.0</metstdv></metainfo></metadata>